"Amino acid","TLA","Default","Human","E. coli","E. coli CFT073","E. coli K12","Spodoptera frugiperda","Drosophila melanogaster","Saccharomyces cerevisiae","Schizosaccharomyces pombe","Rattus norvegicus","Mus musculus domesticus","Chlamydomonas reinhardtii"
"A","Ala","GCA","GCT","GCG","GCG","GCG","GCT","GCC","GCT","GCT","GCC","GCC","GCC"
"R","Arg","CGT","AGA","CGT","CGC","CGC","CGT","CGC","AGA","CGT","AGG","AGA","CGC"
"N","Asn","AAC","AAC","AAT","AAC","AAC","AAC","AAC","AAT","AAT","AAC","AAC","AAC"
"D","Asp","GAT","GAC","GAT","GAT","GAT","GAC","GAT","GAT","GAT","GAC","GAC","GAC"
"C","Cys","TGC","TGC","TGC","TGC","TGC","TGC","TGC","TGT","TGT","TGC","TGC","TGC"
"Q","Gln","CAG","CAG","CAG","CAG","CAG","CAG","CAG","CAA","CAA","CAG","CAG","CAG"
"E","Glu","GAG","GAG","GAA","GAA","GAA","GAG","GAG","GAA","GAA","GAG","GAG","GAG"
"G","Gly","GGT","GGC","GGC","GGC","GGC","GGT","GGC","GGT","GGT","GGC","GGC","GGC"
"H","His","CAC","CAC","CAT","CAT","CAT","CAC","CAC","CAT","CAT","CAC","CAC","CAC"
"I","Ile","ATC","ATC","ATT","ATT","ATT","ATC","ATC","ATT","ATT","ATC","ATC","ATC"
"L","Leu","CTC","CTG","CTG","CTG","CTG","CTG","CTG","TTG","TTA","CTG","CTG","CTG"
"K","Lys","AAA","AAG","AAA","AAA","AAA","AAG","AAG","AAA","AAA","AAG","AAA","AAG"
"M","Met","ATG","ATG","ATG","ATG","ATG","ATG","ATG","ATG","ATG","ATG","ATG","ATG"
"F","Phe","TTT","TTC","TTT","TTT","TTT","TTC","TTC","TTT","TTT","TTC","TTC","TTC"
"P","Pro","CCC","CCC","CCG","CCG","CCG","CCC","CCC","CCA","CCT","CCC","CCA","CCC"
"S","Ser","TCT","AGC","AGC","AGC","AGC","TCC","AGC","TCT","TCT","AGC","AGC","AGC"
"T","Thr","ACC","ACC","ACC","ACC","ACC","ACC","ACC","ACT","ACT","ACC","ACA","ACC"
"W","Trp","TGG","TGG","TGG","TGG","TGG","TGG","TGG","TGG","TGG","TGG","TGG","TGG"
"Y","Tyr","TAC","TAC","TAT","TAT","TAT","TAC","TAC","TAT","TAT","TAC","TAC","TAC"
"V","Val","GTC","GTG","GTG","GTG","GTG","GTG","GTG","GTT","GTT","GTG","GTG","GTG"
